Location,Hex,Faction,Name
West,0101,,
West,0102,,
West,0103,,
West,0104,,
West,0105,,
West,0106,,
West,0107,,
West,0108,Blackthorne,
West,0109,Blackthorne,
West,0110,Blackthorne,
West,0111,,
West,0112,,
West,0113,,
West,0114,,
West,0115,,
West,0116,,
West,0117,,
West,0118,,
West,0119,,
West,0120,,
West,0121,,
West,0122,,
West,0123,,
West,0124,,
West,0125,,
West,0126,,
West,0201,,
West,0202,,
West,0203,,
West,0204,,
West,0205,,
West,0206,,
West,0207,,
West,0208,,
West,0209,,
West,0210,White Ravens,
West,0211,,
West,0212,,
West,0213,,
West,0214,,
West,0215,,
West,0216,,
West,0217,,
West,0218,,
West,0219,,
West,0220,,
West,0221,,
West,0222,,
West,0223,,
West,0224,,
West,0225,,
West,0226,,
West,0301,,
West,0302,,
West,0303,,
West,0304,,
West,0305,,
West,0306,,
West,0307,,
West,0308,,
West,0309,,
West,0310,,
West,0311,White Ravens,
West,0312,,
West,0313,,
West,0314,,
West,0315,Prismatic Troupe,
West,0316,Prismatic Troupe,Oread's Summit
West,0317,,
West,0318,,
West,0319,,
West,0320,,
West,0321,,
West,0322,,
West,0323,,
West,0324,,
West,0325,,
West,0326,,
West,0401,,
West,0402,,
West,0403,,
West,0404,,
West,0405,,
West,0406,,
West,0407,,
West,0408,,
West,0409,,
West,0410,,
West,0411,White Ravens,Vlthar
West,0412,,
West,0413,,
West,0414,,
West,0415,,
West,0416,Blackthorne,
West,0417,,
West,0418,,
West,0419,,
West,0420,Bard City,Funky Town
West,0421,,
West,0422,,
West,0423,,
West,0424,,
West,0425,,
West,0426,,
West,0501,,
West,0502,,
West,0503,,
West,0504,,
West,0505,,
West,0506,,
West,0507,,
West,0508,Prismatic Troupe,
West,0509,,
West,0510,,
West,0511,,
West,0512,,
West,0513,,
West,0514,,
West,0515,,
West,0516,,
West,0517,Prismatic Troupe,
West,0518,,
West,0519,,
West,0520,,
West,0521,,
West,0522,,
West,0523,,
West,0524,,
West,0525,,
West,0526,,
West,0601,,
West,0602,,
West,0603,,
West,0604,,
West,0605,,
West,0606,,
West,0607,Prismatic Troupe,
West,0608,,
West,0609,,
West,0610,,
West,0611,,
West,0612,,
West,0613,,
West,0614,,
West,0615,,
West,0616,,
West,0617,,
West,0618,,
West,0619,,
West,0620,,
West,0621,,
West,0622,,
West,0623,,
West,0624,,
West,0625,,
West,0626,,
West,0701,,
West,0702,,
West,0703,,
West,0704,,
West,0705,,
West,0706,,
West,0707,,
West,0708,Prismatic Troupe,
West,0709,Prismatic Troupe,
West,0710,,
West,0711,,
West,0712,,
West,0713,,
West,0714,,
West,0715,,
West,0716,,
West,0717,,
West,0718,,
West,0719,,
West,0720,,
West,0721,,
West,0722,,
West,0723,,
West,0724,,
West,0725,,
West,0726,,
West,0801,,
West,0802,,
West,0803,,
West,0804,,
West,0805,,
West,0806,,
West,0807,,
West,0808,Prismatic Troupe,
West,0809,Prismatic Troupe,
West,0810,,
West,0811,,
West,0812,,
West,0813,,
West,0814,,
West,0815,,
West,0816,Prismatic Troupe,
West,0817,,
West,0818,,
West,0819,,
West,0820,,
West,0821,,
West,0822,,
West,0823,,
West,0824,,
West,0825,,
West,0826,,
West,0901,,
West,0902,,
West,0903,,
West,0904,,
West,0905,,
West,0906,,
West,0907,,
West,0908,,
West,0909,,
West,0910,,
West,0911,,
West,0912,,
West,0913,,
West,0914,,
West,0915,,
West,0916,Prismatic Troupe,
West,0917,,
West,0918,,
West,0919,,
West,0920,,
West,0921,,
West,0922,,
West,0923,,
West,0924,,
West,0925,,
West,0926,,
West,1001,,
West,1002,,
West,1003,,
West,1004,,
West,1005,,
West,1006,,
West,1007,,
West,1008,,
West,1009,,
West,1010,,
West,1011,,
West,1012,,
West,1013,Prismatic Troupe,
West,1014,Prismatic Troupe,Starlight Bazaar
West,1015,Prismatic Troupe,
West,1016,,
West,1017,,
West,1018,,
West,1019,,
West,1020,,
West,1021,,
West,1022,,
West,1023,,
West,1024,,
West,1025,,
West,1026,,
West,1101,,
West,1102,,
West,1103,,
West,1104,,
West,1105,,
West,1106,,
West,1107,,
West,1108,,
West,1109,,
West,1110,,
West,1111,,
West,1112,,
West,1113,,
West,1114,Prismatic Troupe,
West,1115,Prismatic Troupe,
West,1116,Prismatic Troupe,
West,1117,,
West,1118,,
West,1119,,
West,1120,,
West,1121,,
West,1122,,
West,1123,,
West,1124,,
West,1125,,
West,1126,,
West,1201,,
West,1202,,
West,1203,,
West,1204,,
West,1205,,
West,1206,,
West,1207,,
West,1208,,
West,1209,,
West,1210,,
West,1211,,
West,1212,,
West,1213,,
West,1214,,
West,1215,Prismatic Troupe,
West,1216,,
West,1217,,
West,1218,,
West,1219,,
West,1220,,
West,1221,,
West,1222,,
West,1223,,
West,1224,,
West,1225,,
West,1226,,
West,1301,,
West,1302,,
West,1303,,
West,1304,,
West,1305,,
West,1306,,
West,1307,,
West,1308,,
West,1309,,
West,1310,,
West,1311,,
West,1312,,
West,1313,,
West,1314,,
West,1315,,
West,1316,,
West,1317,White Ravens,Decemvirate
West,1318,,
West,1319,,
West,1320,,
West,1321,,
West,1322,,
West,1323,,
West,1324,,
West,1325,,
West,1326,,
West,1401,,
West,1402,,
West,1403,,
West,1404,,
West,1405,,
West,1406,,
West,1407,,
West,1408,,
West,1409,,
West,1410,,
West,1411,,
West,1412,,
West,1413,,
West,1414,,
West,1415,,
West,1416,White Ravens,
West,1417,,
West,1418,,
West,1419,,
West,1420,,
West,1421,,
West,1422,,
West,1423,,
West,1424,,
West,1425,,
West,1426,,
West,1501,,
West,1502,,
West,1503,,
West,1504,,
West,1505,,
West,1506,,
West,1507,,
West,1508,,
West,1509,,
West,1510,,
West,1511,Orc Lands,Three Peaks
West,1512,Orc Lands,Three Peaks
West,1513,,
West,1514,,
West,1515,White Ravens,
West,1516,White Ravens,
West,1517,,
West,1518,,
West,1519,,
West,1520,,
West,1521,,
West,1522,,
West,1523,,
West,1524,,
West,1525,,
West,1526,,
West,1601,,
West,1602,,
West,1603,,
West,1604,,
West,1605,,
West,1606,,
West,1607,,
West,1608,,
West,1609,,
West,1610,Orc Lands,Three Peaks
West,1611,Orc Lands,Three Peaks
West,1612,Orc Lands,Three Peaks
West,1613,,
West,1614,White Ravens,Kerlauger
West,1615,White Ravens,
West,1616,,
West,1617,,
West,1618,,
West,1619,,
West,1620,,
West,1621,,
West,1622,,
West,1623,,
West,1624,,
West,1625,,
West,1626,,
West,1701,,
West,1702,,
West,1703,,
West,1704,,
West,1705,,
West,1706,,
West,1707,,
West,1708,,
West,1709,,
West,1710,,
West,1711,Orc Lands,Three Peaks
West,1712,Orc Lands,Three Peaks
West,1713,Vidarians,
West,1714,,
West,1715,White Ravens,
West,1716,,
West,1717,,
West,1718,White Ravens,
West,1719,,
West,1720,,
West,1721,,
West,1722,,
West,1723,,
West,1724,,
West,1725,,
West,1726,,
West,1801,,
West,1802,,
West,1803,,
West,1804,,
West,1805,,
West,1806,,
West,1807,,
West,1808,Vidarians,
West,1809,,
West,1810,,
West,1811,Vidarians,
West,1812,Irregulars,
West,1813,Orc Lands,
West,1814,Orc Lands,
West,1815,,
West,1816,,
West,1817,White Ravens,
West,1818,White Ravens,Greywatch
West,1819,,
West,1820,,
West,1821,,
West,1822,,
West,1823,,
West,1824,,
West,1825,,
West,1826,,
West,1901,,
West,1902,,
West,1903,,
West,1904,,
West,1905,,
West,1906,,
West,1907,,
West,1908,,
West,1909,,
West,1910,,
West,1911,Orc Lands,
West,1912,,
West,1913,Orc Lands,
West,1914,Orc Lands,
West,1915,Orc Lands,
West,1916,,
West,1917,,
West,1918,,
West,1919,,
West,1920,,
West,1921,,
West,1922,,
West,1923,,
West,1924,,
West,1925,,
West,1926,,
West,2001,,
West,2002,,
West,2003,,
West,2004,,
West,2005,,
West,2006,,
West,2007,,
West,2008,,
West,2009,,
West,2010,Orc Lands,
West,2011,Orc Lands,
West,2012,Orc Lands,
West,2013,Orc Lands,
West,2014,,
West,2015,,
West,2016,,
West,2017,,
West,2018,,
West,2019,,
West,2020,,
West,2021,,
West,2022,,
West,2023,,
West,2024,,
West,2025,,
West,2026,,
West,2101,,
West,2102,,
West,2103,,
West,2104,,
West,2105,,
West,2106,,
West,2107,,
West,2108,,
West,2109,,
West,2110,,
West,2111,,
West,2112,,
West,2113,Orc Lands,
West,2114,,
West,2115,,
West,2116,,
West,2117,,
West,2118,,
West,2119,,
West,2120,,
West,2121,,
West,2122,,
West,2123,,
West,2124,,
West,2125,,
West,2126,,
West,2201,,
West,2202,,
West,2203,,
West,2204,,
West,2205,,
West,2206,,
West,2207,,
West,2208,,
West,2209,,
West,2210,Orc Lands,
West,2211,,
West,2212,Orc Lands,
West,2213,Vidarians,
West,2214,Vidarians,
West,2215,,
West,2216,,
West,2217,,
West,2218,,
West,2219,,
West,2220,,
West,2221,,
West,2222,,
West,2223,,
West,2224,,
West,2225,,
West,2226,,
West,2301,,
West,2302,,
West,2303,,
West,2304,,
West,2305,,
West,2306,,
West,2307,,
West,2308,,
West,2309,Silver Branches,
West,2310,Silver Branches,
West,2311,Orc Lands,
West,2312,Orc Lands,
West,2313,Vidarians,Shakhet
West,2314,Vidarians,
West,2315,Vidarians,Khokhbatuul
West,2316,,
West,2317,,
West,2318,,
West,2319,,
West,2320,,
West,2321,,
West,2322,,
West,2323,,
West,2324,,
West,2325,,
West,2326,,
West,2401,,
West,2402,,
West,2403,,
West,2404,,
West,2405,,
West,2406,,
West,2407,,
West,2408,Silver Branches,
West,2409,Silver Branches,
West,2410,Silver Branches,Crossroads
West,2411,,
West,2412,Vidarians,
West,2413,,
West,2414,,
West,2415,Vidarians,
West,2416,,
West,2417,,
West,2418,,
West,2419,,
West,2420,,
West,2421,,
West,2422,,
West,2423,,
West,2424,,
West,2425,,
West,2426,,
West,2501,,
West,2502,,
West,2503,,
West,2504,,
West,2505,,
West,2506,,
West,2507,,
West,2508,Silver Branches,Ceoch Abhainn
West,2509,Silver Branches,
West,2510,,
West,2511,Silver Branches,
West,2512,Vidarians,
West,2513,Vidarians,
West,2514,,
West,2515,,
West,2516,Vidarians,
West,2517,White Ravens,
West,2518,,
West,2519,,
West,2520,,
West,2521,,
West,2522,,
West,2523,,
West,2524,,
West,2525,,
West,2526,,
West,2601,,
West,2602,,
West,2603,,
West,2604,,
West,2605,,
West,2606,,
West,2607,Silver Branches,
West,2608,Silver Branches,
West,2609,Silver Branches,
West,2610,Vidarians,Chugol
West,2611,,
West,2612,Vidarians,Shigon
West,2613,,
West,2614,,
West,2615,Vidarians,
West,2616,Vidarians,Kishahr
West,2617,,
West,2618,,
West,2619,White Ravens,
West,2620,White Ravens,
West,2621,White Ravens,
West,2622,,
West,2623,,
West,2624,,
West,2625,,
West,2626,,
Center,2701,,
Center,2702,,
Center,2703,,
Center,2704,,
Center,2705,,
Center,2706,,
Center,2707,Silver Branches,
Center,2708,Silver Branches,
Center,2709,Silver Branches,
Center,2710,Vidarians,
Center,2711,,
Center,2712,Vidarians,
Center,2713,Vidarians,
Center,2714,,
Center,2715,,
Center,2716,Vidarians,
Center,2717,White Ravens,Tidewater
Center,2718,,
Center,2719,,
Center,2720,White Ravens,
Center,2721,White Ravens,Zone of Chaos
Center,2722,White Ravens,
Center,2723,,
Center,2724,,
Center,2725,,
Center,2726,,
Center,2801,,
Center,2802,,
Center,2803,,
Center,2804,,
Center,2805,,
Center,2806,,
Center,2807,,
Center,2808,,
Center,2809,Orc Lands,
Center,2810,Orc Lands,
Center,2811,Vidarians,Shidher
Center,2812,Vidarians,
Center,2813,,
Center,2814,,
Center,2815,Vidarians,
Center,2816,,
Center,2817,,
Center,2818,,
Center,2819,,
Center,2820,White Ravens,
Center,2821,,
Center,2822,,
Center,2823,,
Center,2824,,
Center,2825,,
Center,2826,,
Center,2901,,
Center,2902,,
Center,2903,,
Center,2904,,
Center,2905,,
Center,2906,,
Center,2907,,
Center,2908,Orc Lands,
Center,2909,Orc Lands,
Center,2910,Orc Lands,
Center,2911,Orc Lands,
Center,2912,Vidarians,
Center,2913,Vidarians,Kharaat
Center,2914,Vidarians,
Center,2915,Vidarians,Bazgush
Center,2916,,
Center,2917,,
Center,2918,,
Center,2919,,
Center,2920,,
Center,2921,,
Center,2922,,
Center,2923,,
Center,2924,,
Center,2925,,
Center,2926,,
Center,3001,,
Center,3002,,
Center,3003,,
Center,3004,,
Center,3005,,
Center,3006,,
Center,3007,,
Center,3008,Orc Lands,
Center,3009,Vidarians,Ugyen
Center,3010,Vidarians,
Center,3011,Vidarians,
Center,3012,Vidarians,Kharaat
Center,3013,Vidarians,
Center,3014,White Ravens,
Center,3015,White Ravens,Raven's Refuge
Center,3016,White Ravens,
Center,3017,,
Center,3018,,
Center,3019,Kult of Tharros,
Center,3020,,
Center,3021,,
Center,3022,,
Center,3023,,
Center,3024,,
Center,3025,,
Center,3026,,
Center,3101,,
Center,3102,,
Center,3103,,
Center,3104,,
Center,3105,,
Center,3106,,
Center,3107,,
Center,3108,,
Center,3109,,
Center,3110,Vidarians,
Center,3111,,
Center,3112,Vidarians,
Center,3113,Vidarians,
Center,3114,White Ravens,
Center,3115,,
Center,3116,White Ravens,
Center,3117,,
Center,3118,,
Center,3119,Kult of Tharros,Alysicles
Center,3120,,
Center,3121,,
Center,3122,,
Center,3123,,
Center,3124,,
Center,3125,,
Center,3126,,
Center,3201,,
Center,3202,,
Center,3203,,
Center,3204,,
Center,3205,,
Center,3206,Catalpa,
Center,3207,,
Center,3208,,
Center,3209,,
Center,3210,,
Center,3211,,
Center,3212,White Ravens,
Center,3213,White Ravens,Gai'hana
Center,3214,,
Center,3215,,
Center,3216,,
Center,3217,,
Center,3218,,
Center,3219,,
Center,3220,,
Center,3221,,
Center,3222,,
Center,3223,,
Center,3224,,
Center,3225,,
Center,3226,,
Center,3301,,
Center,3302,,
Center,3303,,
Center,3304,,
Center,3305,,
Center,3306,,
Center,3307,,
Center,3308,,
Center,3309,,
Center,3310,,
Center,3311,,
Center,3312,,
Center,3313,,
Center,3314,,
Center,3315,,
Center,3316,,
Center,3317,,
Center,3318,,
Center,3319,,
Center,3320,,
Center,3321,,
Center,3322,,
Center,3323,,
Center,3324,,
Center,3325,,
Center,3326,,
Center,3401,,
Center,3402,,
Center,3403,,
Center,3404,,
Center,3405,,
Center,3406,,
Center,3407,,
Center,3408,,
Center,3409,Kult of Tharros,Bronze Guardia
Center,3410,,
Center,3411,,
Center,3412,,
Center,3413,,
Center,3414,,
Center,3415,,
Center,3416,,
Center,3417,,
Center,3418,,
Center,3419,,
Center,3420,,
Center,3421,,
Center,3422,,
Center,3423,,
Center,3424,,
Center,3425,,
Center,3426,,
Center,3501,,
Center,3502,,
Center,3503,,
Center,3504,,
Center,3505,Cedar Hill,
Center,3506,,
Center,3507,,
Center,3508,,
Center,3509,Kult of Tharros,
Center,3510,Kult of Tharros,
Center,3511,,
Center,3512,,
Center,3513,,
Center,3514,,
Center,3515,,
Center,3516,,
Center,3517,,
Center,3518,,
Center,3519,,
Center,3520,,
Center,3521,,
Center,3522,,
Center,3523,,
Center,3524,,
Center,3525,,
Center,3526,,
Center,3601,,
Center,3602,,
Center,3603,,
Center,3604,,
Center,3605,Cedar Hill,
Center,3606,,
Center,3607,Catalpa,
Center,3608,Catalpa,
Center,3609,Kult of Tharros,
Center,3610,Kult of Tharros,
Center,3611,,
Center,3612,,
Center,3613,,
Center,3614,,
Center,3615,,
Center,3616,,
Center,3617,,
Center,3618,,
Center,3619,,
Center,3620,,
Center,3621,,
Center,3622,,
Center,3623,,
Center,3624,,
Center,3625,,
Center,3626,,
Center,3701,,
Center,3702,,
Center,3703,,
Center,3704,,
Center,3705,,
Center,3706,Cedar Hill,Silkwood
Center,3707,,
Center,3708,Catalpa,
Center,3709,Catalpa,
Center,3710,Kult of Tharros,Tharropolis
Center,3711,,
Center,3712,,
Center,3713,,
Center,3714,White Ravens,New Pandalen
Center,3715,White Ravens,Promise Keep
Center,3716,,
Center,3717,,
Center,3718,,
Center,3719,,
Center,3720,,
Center,3721,,
Center,3722,,
Center,3723,,
Center,3724,,
Center,3725,,
Center,3726,,
Center,3801,,
Center,3802,,
Center,3803,,
Center,3804,,
Center,3805,,
Center,3806,,
Center,3807,,
Center,3808,Catalpa,
Center,3809,Kult of Tharros,
Center,3810,Kult of Tharros,
Center,3811,Kult of Tharros,
Center,3812,Cedar Hill,
Center,3813,White Ravens,
Center,3814,,
Center,3815,,
Center,3816,,
Center,3817,,
Center,3818,,
Center,3819,,
Center,3820,,
Center,3821,,
Center,3822,,
Center,3823,,
Center,3824,,
Center,3825,,
Center,3826,,
Center,3901,,
Center,3902,,
Center,3903,,
Center,3904,,
Center,3905,,
Center,3906,,
Center,3907,,
Center,3908,Catalpa,
Center,3909,Kult of Tharros,
Center,3910,Cedar Hill,Mountain Run Winery
Center,3911,Cedar Hill,
Center,3912,Cedar Hill,Trinity
Center,3913,White Ravens,
Center,3914,White Ravens,
Center,3915,,
Center,3916,,
Center,3917,,
Center,3918,Cedar Hill,Awindal
Center,3919,Cedar Hill,
Center,3920,Blackthorne,The Foundry
Center,3921,Blackthorne,
Center,3922,,
Center,3923,,
Center,3924,,
Center,3925,,
Center,3926,,
Center,4001,,
Center,4002,,
Center,4003,,
Center,4004,,
Center,4005,,
Center,4006,,
Center,4007,Kult of Tharros,
Center,4008,Kult of Tharros,Petrapolis
Center,4009,Kult of Tharros,
Center,4010,Cedar Hill,
Center,4011,Cedar Hill,
Center,4012,Cedar Hill / White Ravens,
Center,4013,White Ravens,
Center,4014,,
Center,4015,,
Center,4016,,
Center,4017,,
Center,4018,,
Center,4019,Cedar Hill,Greenhouse Project
Center,4020,Cedar Hill,
Center,4021,Blackthorne,
Center,4022,Blackthorne,New Noxus
Center,4023,,
Center,4024,,
Center,4025,,
Center,4026,,
Center,4101,,
Center,4102,,
Center,4103,,
Center,4104,,
Center,4105,,
Center,4106,,
Center,4107,,
Center,4108,,
Center,4109,Kult of Tharros,
Center,4110,Cedar Hill,
Center,4111,Ce,
Center,4112,White Ravens,
Center,4113,White Ravens,Laurel Gate
Center,4114,,
Center,4115,,
Center,4116,White Ravens,Nico's Rest
Center,4117,,
Center,4118,,
Center,4119,Geth,
Center,4120,Cedar Hill,
Center,4121,,Carnarian
Center,4122,,
Center,4123,,
Center,4124,,
Center,4125,,
Center,4126,,
Center,4201,,
Center,4202,,
Center,4203,,
Center,4204,,
Center,4205,,
Center,4206,,
Center,4207,,
Center,4208,Kult of Tharros,
Center,4209,Cedar Hill,
Center,4210,White Ravens,Raven's Reach
Center,4211,,Yule Glade
Center,4212,Wardens,
Center,4213,,
Center,4214,,
Center,4215,,
Center,4216,White Ravens,
Center,4217,,
Center,4218,Geth,
Center,4219,Black Sky,
Center,4220,,
Center,4221,,
Center,4222,,
Center,4223,,
Center,4224,,
Center,4225,,
Center,4226,,
Center,4301,,
Center,4302,,
Center,4303,,
Center,4304,,
Center,4305,,
Center,4306,,
Center,4307,,
Center,4308,,
Center,4309,Kult of Tharros,
Center,4310,Wardens,
Center,4311,Wardens,
Center,4312,Wardens,
Center,4313,Wardens,Fletchings
Center,4314,Wardens,
Center,4315,,
Center,4316,Geth,Temple of Geth
Center,4317,Geth,
Center,4318,,
Center,4319,,
Center,4320,,
Center,4321,,
Center,4322,,
Center,4323,,
Center,4324,,
Center,4325,,
Center,4326,,
Center,4401,,
Center,4402,,
Center,4403,,
Center,4404,,
Center,4405,,
Center,4406,,
Center,4407,,
Center,4408,,
Center,4409,Kult of Tharros,
Center,4410,Wardens,Nock
Center,4411,Wardens,
Center,4412,Wardens,
Center,4413,Wardens,
Center,4414,Black Sky,
Center,4415,,
Center,4416,Geth,
Center,4417,,
Center,4418,,
Center,4419,,
Center,4420,,
Center,4421,,
Center,4422,Cedar Hill,
Center,4423,,
Center,4424,,
Center,4425,Cedar Hill,
Center,4426,,
Center,4501,,
Center,4502,,
Center,4503,,
Center,4504,Grimfrost,
Center,4505,Grimfrost,Southport
Center,4506,,
Center,4507,,
Center,4508,,
Center,4509,Kult of Tharros,
Center,4510,Wardens,
Center,4511,Wardens,
Center,4512,Wardens,Archer's Crest
Center,4513,,
Center,4514,,
Center,4515,,
Center,4516,,
Center,4517,,
Center,4518,,
Center,4519,,
Center,4520,,
Center,4521,,
Center,4522,,
Center,4523,,
Center,4524,,
Center,4525,,
Center,4526,,
Center,4601,,
Center,4602,,
Center,4603,,
Center,4604,,
Center,4605,,
Center,4606,,
Center,4607,,
Center,4608,,
Center,4609,,
Center,4610,,
Center,4611,,
Center,4612,,
Center,4613,,
Center,4614,,
Center,4615,,
Center,4616,,
Center,4617,,
Center,4618,,
Center,4619,,
Center,4620,,
Center,4621,,
Center,4622,,
Center,4623,,
Center,4624,,
Center,4625,,
Center,4626,,
Center,4701,,
Center,4702,,
Center,4703,,
Center,4704,,
Center,4705,,
Center,4706,,
Center,4707,,
Center,4708,,
Center,4709,,
Center,4710,,
Center,4711,,
Center,4712,,
Center,4713,,
Center,4714,,
Center,4715,,
Center,4716,,
Center,4717,,
Center,4718,,
Center,4719,,
Center,4720,,
Center,4721,,
Center,4722,,
Center,4723,,
Center,4724,,
Center,4725,,
Center,4726,,
Center,4801,,
Center,4802,,
Center,4803,,
Center,4804,,
Center,4805,,
Center,4806,,
Center,4807,,
Center,4808,,
Center,4809,,
Center,4810,,
Center,4811,,
Center,4812,,
Center,4813,,
Center,4814,,
Center,4815,,
Center,4816,,
Center,4817,,
Center,4818,,
Center,4819,,
Center,4820,,
Center,4821,,
Center,4822,,
Center,4823,,
Center,4824,,
Center,4825,,
Center,4826,,
Center,4901,,
Center,4902,,
Center,4903,,
Center,4904,,
Center,4905,,
Center,4906,,
Center,4907,,
Center,4908,,
Center,4909,,
Center,4910,,
Center,4911,,
Center,4912,,
Center,4913,,
Center,4914,,
Center,4915,,
Center,4916,,
Center,4917,,
Center,4918,,
Center,4919,,
Center,4920,,
Center,4921,,
Center,4922,,
Center,4923,,
Center,4924,,
Center,4925,,
Center,4926,,
Center,5001,,
Center,5002,,
Center,5003,,
Center,5004,,
Center,5005,,
Center,5006,,
Center,5007,,
Center,5008,,
Center,5009,,
Center,5010,,
Center,5011,,
Center,5012,,
Center,5013,,
Center,5014,,
Center,5015,,
Center,5016,,
Center,5017,,
Center,5018,,
Center,5019,,
Center,5020,,
Center,5021,,
Center,5022,,
Center,5023,,
Center,5024,,
Center,5025,,
Center,5026,,
Center,5101,,
Center,5102,,
Center,5103,,
Center,5104,,
Center,5105,,
Center,5106,,
Center,5107,,
Center,5108,,
Center,5109,,
Center,5110,,
Center,5111,,
Center,5112,,
Center,5113,,
Center,5114,,
Center,5115,,
Center,5116,,
Center,5117,,
Center,5118,,
Center,5119,,
Center,5120,,
Center,5121,,
Center,5122,,
Center,5123,,
Center,5124,,
Center,5125,,
Center,5126,,
Center,5201,,
Center,5202,,
Center,5203,,
Center,5204,,
Center,5205,,
Center,5206,,
Center,5207,,
Center,5208,,
Center,5209,,
Center,5210,,
Center,5211,,
Center,5212,,
Center,5213,,
Center,5214,,
Center,5215,,
Center,5216,,
Center,5217,,
Center,5218,,
Center,5219,,
Center,5220,,
Center,5221,,
Center,5222,,
Center,5223,,
Center,5224,,
Center,5225,,
Center,5226,,
East,2701,,
East,2702,,
East,2703,,
East,2704,,
East,2705,,
East,2706,,
East,2707,,
East,2708,,
East,2709,,
East,2710,,
East,2711,,
East,2712,,
East,2713,,
East,2714,,
East,2715,,
East,2716,,
East,2717,,
East,2718,,
East,2719,,
East,2720,,
East,2721,,
East,2722,,
East,2723,,
East,2724,,
East,2725,,
East,2726,,
East,2801,,
East,2802,,
East,2803,,
East,2804,,
East,2805,,
East,2806,,
East,2807,,
East,2808,,
East,2809,,
East,2810,,
East,2811,,
East,2812,,
East,2813,,
East,2814,,
East,2815,,
East,2816,,
East,2817,,
East,2818,,
East,2819,,
East,2820,,
East,2821,,
East,2822,,
East,2823,,
East,2824,,
East,2825,,
East,2826,,
East,2901,,
East,2902,,
East,2903,,
East,2904,,
East,2905,,
East,2906,,
East,2907,,
East,2908,,
East,2909,,
East,2910,,
East,2911,,
East,2912,,
East,2913,,
East,2914,,
East,2915,,
East,2916,,
East,2917,,
East,2918,,
East,2919,,
East,2920,,
East,2921,,
East,2922,,
East,2923,,
East,2924,,
East,2925,,
East,2926,,
East,3001,,
East,3002,,
East,3003,,
East,3004,,
East,3005,,
East,3006,,
East,3007,,
East,3008,,
East,3009,,
East,3010,,
East,3011,,
East,3012,,
East,3013,,
East,3014,,
East,3015,,
East,3016,,
East,3017,,
East,3018,,
East,3019,,
East,3020,,
East,3021,,
East,3022,,
East,3023,,
East,3024,,
East,3025,,
East,3026,,
East,3101,,
East,3102,,
East,3103,,
East,3104,,
East,3105,,
East,3106,,
East,3107,,
East,3108,,
East,3109,,
East,3110,,
East,3111,,
East,3112,,
East,3113,,
East,3114,,
East,3115,,
East,3116,,
East,3117,,
East,3118,,
East,3119,,
East,3120,,
East,3121,,
East,3122,,
East,3123,,
East,3124,,
East,3125,,
East,3126,,
East,3201,,
East,3202,,
East,3203,,
East,3204,,
East,3205,,
East,3206,,
East,3207,,
East,3208,,
East,3209,,
East,3210,,
East,3211,,
East,3212,,
East,3213,,
East,3214,,
East,3215,,
East,3216,,
East,3217,,
East,3218,,
East,3219,,
East,3220,,
East,3221,,
East,3222,,
East,3223,,
East,3224,,
East,3225,,
East,3226,,
East,3301,,
East,3302,,
East,3303,,
East,3304,,
East,3305,,
East,3306,,
East,3307,,
East,3308,,
East,3309,,
East,3310,,
East,3311,,
East,3312,,
East,3313,,
East,3314,,
East,3315,,
East,3316,,
East,3317,,
East,3318,,
East,3319,,
East,3320,,
East,3321,,
East,3322,,
East,3323,,
East,3324,,
East,3325,,
East,3326,,
East,3401,,
East,3402,,
East,3403,,
East,3404,,
East,3405,,
East,3406,,
East,3407,,
East,3408,,
East,3409,,
East,3410,,
East,3411,,
East,3412,,
East,3413,,
East,3414,,
East,3415,,
East,3416,,
East,3417,,
East,3418,,
East,3419,,
East,3420,,
East,3421,,
East,3422,,
East,3423,,
East,3424,,
East,3425,,
East,3426,,
East,3501,,
East,3502,,
East,3503,,
East,3504,,
East,3505,,
East,3506,,
East,3507,,
East,3508,,
East,3509,,
East,3510,,
East,3511,,
East,3512,,
East,3513,,
East,3514,,
East,3515,,
East,3516,,
East,3517,,
East,3518,,
East,3519,,
East,3520,,
East,3521,,
East,3522,,
East,3523,,
East,3524,,
East,3525,,
East,3526,,
East,3601,,
East,3602,,
East,3603,,
East,3604,,
East,3605,,
East,3606,,
East,3607,,
East,3608,,
East,3609,,
East,3610,,
East,3611,,
East,3612,,
East,3613,,
East,3614,,
East,3615,,
East,3616,,
East,3617,,
East,3618,,
East,3619,,
East,3620,,
East,3621,,
East,3622,,
East,3623,,
East,3624,,
East,3625,,
East,3626,,
East,3701,,
East,3702,,
East,3703,,
East,3704,,
East,3705,,
East,3706,,
East,3707,,
East,3708,,
East,3709,,
East,3710,,
East,3711,,
East,3712,,
East,3713,,
East,3714,,
East,3715,,
East,3716,,
East,3717,,
East,3718,,
East,3719,,
East,3720,,
East,3721,,
East,3722,,
East,3723,,
East,3724,,
East,3725,,
East,3726,,
East,3801,,
East,3802,,
East,3803,,
East,3804,,
East,3805,,
East,3806,,
East,3807,,
East,3808,,
East,3809,,
East,3810,,
East,3811,,
East,3812,,
East,3813,,
East,3814,,
East,3815,,
East,3816,,
East,3817,,
East,3818,,
East,3819,,
East,3820,,
East,3821,,
East,3822,,
East,3823,,
East,3824,,
East,3825,,
East,3826,,
East,3901,,
East,3902,,
East,3903,,
East,3904,,
East,3905,,
East,3906,,
East,3907,,
East,3908,,
East,3909,,
East,3910,,
East,3911,,
East,3912,,
East,3913,,
East,3914,,
East,3915,,
East,3916,,
East,3917,,
East,3918,,
East,3919,,
East,3920,,
East,3921,,
East,3922,,
East,3923,,
East,3924,,
East,3925,,
East,3926,,
East,4001,,
East,4002,,
East,4003,,
East,4004,,
East,4005,,
East,4006,,
East,4007,,
East,4008,,
East,4009,,
East,4010,,
East,4011,,
East,4012,,
East,4013,,
East,4014,,
East,4015,,
East,4016,,
East,4017,,
East,4018,,
East,4019,,
East,4020,,
East,4021,,
East,4022,,
East,4023,,
East,4024,,
East,4025,,
East,4026,,
East,4101,,
East,4102,,
East,4103,,
East,4104,,
East,4105,,
East,4106,,
East,4107,,
East,4108,,
East,4109,,
East,4110,,
East,4111,,
East,4112,,
East,4113,,
East,4114,,
East,4115,,
East,4116,,
East,4117,,
East,4118,,
East,4119,,
East,4120,,
East,4121,,
East,4122,,
East,4123,,
East,4124,,
East,4125,,
East,4126,,
East,4201,,
East,4202,,
East,4203,,
East,4204,,
East,4205,,
East,4206,,
East,4207,,
East,4208,,
East,4209,,
East,4210,,
East,4211,,
East,4212,,
East,4213,,
East,4214,,
East,4215,,
East,4216,,
East,4217,,
East,4218,,
East,4219,,
East,4220,,
East,4221,,
East,4222,,
East,4223,,
East,4224,,
East,4225,,
East,4226,,
East,4301,,
East,4302,,
East,4303,,
East,4304,,
East,4305,,
East,4306,,
East,4307,,
East,4308,,
East,4309,,
East,4310,,
East,4311,,
East,4312,,
East,4313,,
East,4314,,
East,4315,,
East,4316,,
East,4317,,
East,4318,,
East,4319,,
East,4320,,
East,4321,,
East,4322,,
East,4323,,
East,4324,,
East,4325,,
East,4326,,
East,4401,,
East,4402,,
East,4403,,
East,4404,,
East,4405,,
East,4406,,
East,4407,,
East,4408,,
East,4409,,
East,4410,,
East,4411,,
East,4412,,
East,4413,,
East,4414,,
East,4415,,
East,4416,,
East,4417,,
East,4418,,
East,4419,,
East,4420,,
East,4421,,
East,4422,,
East,4423,,
East,4424,,
East,4425,,
East,4426,,
East,4501,,
East,4502,,
East,4503,,
East,4504,,
East,4505,,
East,4506,,
East,4507,,
East,4508,,
East,4509,,
East,4510,,
East,4511,,
East,4512,,
East,4513,,
East,4514,,
East,4515,,
East,4516,,
East,4517,,
East,4518,,
East,4519,,
East,4520,,
East,4521,,
East,4522,,
East,4523,,
East,4524,,
East,4525,,
East,4526,,
East,4601,,
East,4602,,
East,4603,,
East,4604,,
East,4605,,
East,4606,,
East,4607,,
East,4608,,
East,4609,,
East,4610,,
East,4611,,
East,4612,,
East,4613,,
East,4614,,
East,4615,,
East,4616,,
East,4617,,
East,4618,,
East,4619,,
East,4620,,
East,4621,,
East,4622,,
East,4623,,
East,4624,,
East,4625,,
East,4626,,
East,4701,,
East,4702,,
East,4703,,
East,4704,,
East,4705,,
East,4706,,
East,4707,,
East,4708,,
East,4709,,
East,4710,,
East,4711,,
East,4712,,
East,4713,,
East,4714,,
East,4715,,
East,4716,,
East,4717,,
East,4718,,
East,4719,,
East,4720,,
East,4721,,
East,4722,,
East,4723,,
East,4724,,
East,4725,,
East,4726,,
East,4801,,
East,4802,,
East,4803,,
East,4804,,
East,4805,,
East,4806,,
East,4807,,
East,4808,,
East,4809,,
East,4810,,
East,4811,,
East,4812,,
East,4813,,
East,4814,,
East,4815,,
East,4816,,
East,4817,,
East,4818,,
East,4819,,
East,4820,,
East,4821,,
East,4822,,
East,4823,,
East,4824,,
East,4825,,
East,4826,,
East,4901,,
East,4902,,
East,4903,,
East,4904,,
East,4905,,
East,4906,,
East,4907,,
East,4908,,
East,4909,,
East,4910,,
East,4911,,
East,4912,,
East,4913,,
East,4914,,
East,4915,,
East,4916,,
East,4917,,
East,4918,,
East,4919,,
East,4920,,
East,4921,,
East,4922,,
East,4923,,
East,4924,,
East,4925,,
East,4926,,
East,5001,,
East,5002,,
East,5003,,
East,5004,,
East,5005,,
East,5006,,
East,5007,,
East,5008,,
East,5009,,
East,5010,,
East,5011,,
East,5012,,
East,5013,,
East,5014,,
East,5015,,
East,5016,,
East,5017,,
East,5018,,
East,5019,,
East,5020,,
East,5021,,
East,5022,,
East,5023,,
East,5024,,
East,5025,,
East,5026,,
